run,implementation,parameters,steps,lr,ema_decay,dropout,teachers,distill_alpha,oof_mix,holdout_fold,valid_bpb,test_bpb_cpu_fp32,test_cpu_seconds,train_seconds
baseline,model,1088256,1200,0.001,0.0,0.0,0,0.0,,,2.073,2.1027,7.91,7
kd_ens5_w240_do00_s30000_a05,student,5121121,30000,0.0012,0.99,0.0,5,0.5,,,1.5031,,,1594
kd_ens5_w240_do00_s30000_a06,student,5121121,30000,0.0012,0.99,0.0,5,0.6,,,1.4543,,,1843
kd_ens5_w240_do00_s30000_a07,student,5121121,30000,0.0012,0.99,0.0,5,0.7,,,1.4225,,,1762
kd_ens5_w240_do05_s30000_a05,student,5121121,30000,0.0012,0.99,0.05,5,0.5,,,1.4173,1.4324,33.35,1886
kd_ens5_w240_do05_s30000_a06,student,5121121,30000,0.0012,0.99,0.05,5,0.6,,,1.4112,,,1573
kd_ens5_w240_do05_s30000_a07,student,5121121,30000,0.0012,0.99,0.05,5,0.7,,,1.4092,1.4221,34.64,1506
kd_ens5_w240_do05_s30000_a08,student,5121121,30000,0.0012,0.99,0.05,5,0.8,,,1.413,,,1892
kd_ens5_w240_do05_s30000_a09,student,5121121,30000,0.0012,0.99,0.05,5,0.9,,,1.4199,,,1622
kd_ens5_w240_do05_s40000_a07,student,5121121,40000,0.0012,0.99,0.05,5,0.7,,,1.4065,1.419,33.9,2498
kd_ens5_w240_do05_s40000_a08,student,5121121,40000,0.0012,0.99,0.05,5,0.8,,,1.4096,,,2575
kd_ens5_w240_do05_s40000_a09,student,5121121,40000,0.0012,0.99,0.05,5,0.9,,,1.4175,,,2321
kd_ens5_w240_do05_s40000_a10,student,5121121,40000,0.0012,0.99,0.05,5,1.0,,,1.432,,,2124
kd_ens5_w240_do10_s30000_a03,student,5121121,30000,0.0012,0.99,0.1,5,0.3,,,1.4305,,,1667
kd_ens5_w240_do10_s30000_a05,student,5121121,30000,0.0012,0.99,0.1,5,0.5,,,1.4198,,,1582
kd_ens5_w240_do20_s30000_a03,student,5121121,30000,0.0012,0.99,0.2,5,0.3,,,1.445,,,1838
kd_ens5_w240_do20_s30000_a05,student,5121121,30000,0.0012,0.99,0.2,5,0.5,,,1.4455,1.4573,33.26,1860
kd_ens5_w240_do20_s30000_a05_t2,student,5121121,30000,0.0012,0.99,0.2,5,0.5,,,1.451,,,1614
kd_ens5_w240_do20_s30000_a08,student,5121121,30000,0.0012,0.99,0.2,5,0.8,,,1.4586,,,1865
kd_ens8w_w240_do05_s30000_a07,student,5121121,30000,0.0012,0.99,0.05,8,0.7,,,1.4008,1.4155,30.3,2308
kd_ens8w_w240_do05_s40000_a07,student,5121121,40000,0.0012,0.99,0.05,8,0.7,,,1.3992,1.4109,30.1,3151
kd_hyb_ens8w_oof4_do05_s30000_a07_m03,student,5121121,30000,0.0012,0.99,0.05,16,0.7,0.3,,1.3975,1.4088,37.68,3932
kd_hyb_ens8w_oof4_do05_s30000_a07_m05,student,5121121,30000,0.0012,0.99,0.05,16,0.7,0.5,,1.3994,,,3592
kd_hyb_ens8w_oof4_do05_s30000_a07_m07,student,5121121,30000,0.0012,0.99,0.05,16,0.7,0.7,,1.4041,,,4485
kd_hyb_ens8w_oof4_do05_s40000_a07_m03,student,5121121,40000,0.0012,0.99,0.05,16,0.7,0.3,,1.3951,1.4076,32.75,5230
kd_hyb_zoo8_oof4_do05_s30000_a07_m03,student,5121121,30000,0.0012,0.99,0.05,16,0.7,0.3,,1.3963,,,5076
kd_oof4_w240_do05_s30000_a05,student,5121121,30000,0.0012,0.99,0.05,8,0.5,,,1.4133,,,2313
kd_oof4_w240_do05_s30000_a07,student,5121121,30000,0.0012,0.99,0.05,8,0.7,,,1.4123,,,2162
kd_zoo8_do05_s30000_a07,student,5121121,30000,0.0012,0.99,0.05,8,0.7,0.0,,1.4033,,,3413
oof4_S240do10_f0,student,5121121,12000,0.0012,0.99,0.1,0,0.0,,0,1.527,,,344
oof4_S240do10_f1,student,5121121,12000,0.0012,0.99,0.1,0,0.0,,1,1.5176,,,347
oof4_S240do10_f2,student,5121121,12000,0.0012,0.99,0.1,0,0.0,,2,1.5257,,,341
oof4_S240do10_f3,student,5121121,12000,0.0012,0.99,0.1,0,0.0,,3,1.5188,,,336
oof4_T384do30_f0,student,16460801,12000,0.001,0.99,0.3,0,0.0,,0,1.5224,,,440
oof4_T384do30_f1,student,16460801,12000,0.001,0.99,0.3,0,0.0,,1,1.5039,,,319
oof4_T384do30_f2,student,16460801,12000,0.001,0.99,0.3,0,0.0,,2,1.5055,,,505
oof4_T384do30_f3,student,16460801,12000,0.001,0.99,0.3,0,0.0,,3,1.5021,,,434
rope,student,1055488,1200,0.001,0.0,0.0,0,0.0,,,1.9229,1.9539,9.74,8
rope_w192_d6,student,3062784,1200,0.001,0.0,0.0,0,0.0,,,1.8012,1.8296,16.39,11
rope_w192_d6_pointer,student,3137089,1200,0.001,0.0,0.0,0,0.0,,,1.718,1.725,25.32,13
rope_w192_d6_pointer_swiglu,student,3138625,1200,0.001,0.0,0.0,0,0.0,,,1.6453,1.6533,23.01,14
rope_w224_d6_gate_conv_s2400_ema099,student,4492305,2400,0.001,0.99,0.0,0,0.0,,,1.5559,1.5687,33.37,51
rope_w224_d6_gate_s12000,student,4486929,12000,0.001,0.0,0.0,0,0.0,,,1.828,1.8635,32.79,220
rope_w224_d6_gate_s2400,student,4486929,2400,0.001,0.0,0.0,0,0.0,,,1.5517,1.5623,30.46,43
rope_w224_d6_gate_s2400_ema,student,4486929,2400,0.001,0.999,0.0,0,0.0,,,1.5553,1.5634,31.97,44
rope_w224_d6_gate_s2400_ema099,student,4486929,2400,0.001,0.99,0.0,0,0.0,,,1.544,1.5567,31.92,44
rope_w224_d6_gate_s2400_ema099_wdgroup,student,4486929,2400,0.001,0.99,0.0,0,0.0,,,1.548,1.5614,33.53,45
rope_w224_d6_h2_s2400_ema099,student,4487601,2400,0.001,0.99,0.0,0,0.0,,,1.5418,1.5545,30.07,39
rope_w224_d6_h7_s2400_ema099,student,4486641,2400,0.001,0.99,0.0,0,0.0,,,1.552,1.5644,29.59,43
rope_w224_d6_h8_s2400_ema099,student,4486593,2400,0.001,0.99,0.0,0,0.0,,,1.5533,1.5659,32.56,44
rope_w224_d6_pointer_swiglu,student,4186769,1200,0.001,0.0,0.0,0,0.0,,,1.6266,1.634,27.03,14
rope_w224_d6_pointer_swiglu_rmsnorm,student,4184529,1200,0.001,0.0,0.0,0,0.0,,,1.6176,1.625,27.63,19
rope_w224_d6_pointer_swiglu_rmsnorm_gate,student,4486929,1200,0.001,0.0,0.0,0,0.0,,,1.6061,1.6141,32.91,21
rope_w224_d8_pointer_swiglu,student,5395617,1200,0.001,0.0,0.0,0,0.0,,,1.6189,1.6283,32.51,17
rope_w240_d6_h2_do10_s12000_ema099_lr12e4,student,5121121,12000,0.0012,0.99,0.1,0,0.0,,,1.4657,1.4782,33.31,261
rope_w240_d6_h2_do10_s2600_ema099_lr12e4,student,5121121,2600,0.0012,0.99,0.1,0,0.0,,,1.5261,,,69
rope_w240_d6_h2_do10_s4000_ema099_lr12e4,student,5121121,4000,0.0012,0.99,0.1,0,0.0,,,1.4966,,,73
rope_w240_d6_h2_do10_s6000_ema099_lr12e4,student,5121121,6000,0.0012,0.99,0.1,0,0.0,,,1.478,,,123
rope_w240_d6_h2_do10_s8000_ema099_lr12e4,student,5121121,8000,0.0012,0.99,0.1,0,0.0,,,1.47,,,174
rope_w240_d6_h2_do20_s12000_ema099_lr12e4,student,5121121,12000,0.0012,0.99,0.2,0,0.0,,,1.4753,,,266
rope_w240_d6_h2_do20_s20000_ema099_lr12e4,student,5121121,20000,0.0012,0.99,0.2,0,0.0,,,1.4603,,,373
rope_w240_d6_h2_do20_s2600_ema099_lr12e4,student,5121121,2600,0.0012,0.99,0.2,0,0.0,,,1.5683,,,50
rope_w240_d6_h2_do20_s30000_ema099_lr12e4,student,5121121,30000,0.0012,0.99,0.2,0,0.0,,,1.4526,1.4664,38.04,576
rope_w240_d6_h2_do20_s4000_ema099_lr12e4,student,5121121,4000,0.0012,0.99,0.2,0,0.0,,,1.5328,,,99
rope_w240_d6_h2_do20_s8000_ema099_lr12e4,student,5121121,8000,0.0012,0.99,0.2,0,0.0,,,1.4906,,,174
rope_w240_d6_h2_s1600_ema099,student,5121121,1600,0.001,0.99,0.0,0,0.0,,,1.5591,,,32
rope_w240_d6_h2_s2000_ema099,student,5121121,2000,0.001,0.99,0.0,0,0.0,,,1.5434,,,38
rope_w240_d6_h2_s2200_ema099,student,5121121,2200,0.001,0.99,0.0,0,0.0,,,1.5409,,,45
rope_w240_d6_h2_s2400_ema099,student,5121121,2400,0.001,0.99,0.0,0,0.0,,,1.5395,1.5505,38.17,46
rope_w240_d6_h2_s2600_ema099,student,5121121,2600,0.001,0.99,0.0,0,0.0,,,1.5364,1.5496,32.33,46
rope_w240_d6_h2_s2600_ema099_lr12e4,student,5121121,2600,0.0012,0.99,0.0,0,0.0,,,1.5344,1.546,32.3,47
rope_w240_d6_h2_s2600_ema099_lr6e4,student,5121121,2600,0.0006,0.99,0.0,0,0.0,,,1.5556,,,51
rope_w240_d6_h2_s2600_ema099_lr8e4,student,5121121,2600,0.0008,0.99,0.0,0,0.0,,,1.5422,,,49
rope_w240_d6_h2_s2800_ema099,student,5121121,2800,0.001,0.99,0.0,0,0.0,,,1.5406,,,48
rope_w256_d6_h2_s2400_ema099,student,5787129,2400,0.001,0.99,0.0,0,0.0,,,1.5345,1.5471,46.43,52
teacher_w384_d8_h4_do20_s20000_ema099_lr1e3,student,16460801,20000,0.001,0.99,0.2,0,0.0,,,1.493,,,614
teacher_w384_d8_h4_do20_s8000_ema099_lr1e3,student,16460801,8000,0.001,0.99,0.2,0,0.0,,,1.4549,,,266
teacher_w384_d8_h4_do30_s12000_ema099_lr1e3,student,16460801,12000,0.001,0.99,0.3,0,0.0,,,1.4483,,,383
teacher_w384_d8_h4_do40_s16000_ema099_lr1e3,student,16460801,16000,0.001,0.99,0.4,0,0.0,,,1.4662,,,413
teacher_w512_d8_h4_do30_s20000_ema099_lr1e3,student,28878145,20000,0.001,0.99,0.3,0,0.0,,,1.4921,,,565
teacher_w512_d8_h4_do40_s12000_ema099_lr1e3,student,28878145,12000,0.001,0.99,0.4,0,0.0,,,1.4718,,,362
zoo_lstm_a_s16000,teacher_zoo,21352001,16000,0.0015,0.99,0.4,0,0.0,0.0,,1.5363,,,343
zoo_lstm_b_s16000,teacher_zoo,21352001,16000,0.0015,0.99,0.3,0,0.0,0.0,,1.4978,,,341
zoo_lstm_b_s40000,teacher_zoo,21352001,40000,0.0015,0.99,0.3,0,0.0,0.0,,1.465,,,856
zoo_lstm_c_s30000,teacher_zoo,37254657,30000,0.0015,0.99,0.3,0,0.0,0.0,,1.4696,,,881
zoo_lstm_c_s60000,teacher_zoo,37254657,60000,0.0015,0.99,0.3,0,0.0,0.0,,1.4745,,,2239
zoo_lstm_d_s24000,teacher_zoo,21352001,24000,0.0015,0.99,0.2,0,0.0,0.0,,1.5162,,,513
zoo_lstm_d_s40000,teacher_zoo,21352001,40000,0.0015,0.99,0.2,0,0.0,0.0,,1.5222,,,1037
zoo_moe8_do30_s12000,teacher_zoo,44867585,12000,0.001,0.99,0.3,0,0.0,0.0,,1.5228,,,1078
zoo_moe8_do40_s12000,teacher_zoo,44867585,12000,0.001,0.99,0.4,0,0.0,0.0,,1.4825,,,856
zoo_mos8_do30_s12000,teacher_zoo,17646593,12000,0.001,0.99,0.3,0,0.0,0.0,,1.4465,,,486
zoo_mos8_do40_s12000,teacher_zoo,17646593,12000,0.001,0.99,0.4,0,0.0,0.0,,1.4837,,,414
